Selected,"Cluttered (0, 1)",Unsure ,Unsure Criterion ,"Cluttered (0, 1)",Excluded ,NOTES,,,,,,,,,,,,,,,,,,,,
s/shoe_shop/sun_ahsjwikeppwlqtlx.jpg,0,w/waiting_room/sun_aionqsmjfgxamkmh.jpg,conflicting mean depths,0,s/shoe_shop/sun_aabllpjfwbxcirjd.jpg,shoe shop: done,,,,,,,,,,,,,,,,,,,,
s/shoe_shop/sun_axfoumpbgfoekptd.jpg,0,w/waiting_room/sun_asrwpjohooiccrxd.jpg,human distraction,0,s/shoe_shop/sun_abgbguoxdypdmzuy.jpg,indoor shopping mall: done,,,,,,,,,,,,,,,,,,,,
s/shoe_shop/sun_azcvpbvebfdkipsb.jpg,0,w/waiting_room/sun_aionqsmjfgxamkmh.jpg,conflicting mean depths,0,s/shoe_shop/sun_acjcxqkisctlvqcf.jpg,utility room: done,,,,,,,,,,,,,,,,,,,,
s/shoe_shop/sun_bdstfafqohpgtdug.jpg,0,w/waiting_room/sun_asrwpjohooiccrxd.jpg,human distraction,0,s/shoe_shop/sun_aclxgnsmuzefevbj.jpg,waiting room: done,,,,,,,,,,,,,,,,,,,,
u/utility_room/sun_assxhsklhqyscytz.jpg,0,y/youth_hostel/sun_bcwhwhezuwvwalfi.jpg,conflicting mean depths,0,s/shoe_shop/sun_aduqhosugfbtjkwv.jpg,wet bar: done,,,,,,,,,,,,,,,,,,,,
u/utility_room/sun_dszyiikuzuvzijhr.jpg,0,y/youth_hostel/sun_belslbhkgfnryero.jpg,conflicting mean depths,0,s/shoe_shop/sun_aikfhbmzvfgzjxvx.jpg,wine cellar: done,,,,,,,,,,,,,,,,,,,,
u/utility_room/sun_dweidaiqffssfbiz.jpg,0,s/supermarket/sun_azhrlyayqrxutasp.jpg,irregular angle,0,s/shoe_shop/sun_ajzvhtitatglynpr.jpg,youth hostel: done,,,,,,,,,,,,,,,,,,,,
u/utility_room/sun_dxoegkxemkuknfgp.jpg,0,t/toyshop/sun_apfgdandvgbewdsf.jpg,confusing scene,0,s/shoe_shop/sun_akykrojcfmabmaws.jpg,staircase: done,,,,,,,,,,,,,,,,,,,,
u/utility_room/sun_doyfckqysjamsckb.jpg,0,w/waiting_room/sun_bksmpbpsaawxnqom.jpg,conflicting mean depths,0,s/shoe_shop/sun_amvcawmmeawsgpsa.jpg,supermarket: done,,,,,,,,,,,,,,,,,,,,
u/utility_room/sun_dgtgwmmoomuexhhc.jpg,0,w/waiting_room/sun_buipycrgwmfcakvq.jpg,"irregular angle, disproportionate",0,s/shoe_shop/sun_angyccshlbsmwtnl.jpg,toyshop: done,,,,,,,,,,,,,,,,,,,,
u/utility_room/sun_djvfskyyofjfjgxm.jpg,0,w/waiting_room/sun_buixsszekbozqann.jpg,conflicting mean depths,0,s/shoe_shop/sun_anonbpxyrgrsdwiy.jpg,sushi bar: done,,,,,,,,,,,,,,,,,,,,
w/waiting_room/sun_ajkfxulschratyle.jpg,0,w/waiting_room/sun_bvigsjttmentskwt.jpg,conflicting mean depths,0,s/shoe_shop/sun_anpvpxmcereirktj.jpg,,,,,,,,,,,,,,,,,,,,,
w/waiting_room/sun_amexfydwjdtyhydu.jpg,0,,,,s/shoe_shop/sun_apbptmlbnbpkwipf.jpg,,,,,,,,,,,,,,,,,,,,,
w/waiting_room/sun_amryrgnwwxitwqbe.jpg,0,,,,s/shoe_shop/sun_aqupovevcsqdejxk.jpg,,,,,,,,,,,,,,,,,,,,,
w/waiting_room/sun_ansoqsfvbzwkrhxx.jpg,0,,,,s/shoe_shop/sun_atgqschakoselcmm.jpg,,,,,,,,,,,,,,,,,,,,,
w/waiting_room/sun_aozwquspttjvqguq.jpg,0,,,,s/shoe_shop/sun_aticyalddybpjrsz.jpg,,,,,,,,,,,,,,,,,,,,,
w/waiting_room/sun_appjdfmnspkchyeb.jpg,0,,,,s/shoe_shop/sun_axpdkuqtwmftxhkj.jpg,,,,,,,,,,,,,,,,,,,,,
w/waiting_room/sun_asspligpjsrsyrtk.jpg,0,,,,s/shoe_shop/sun_azdrfwiuzgutomns.jpg,,,,,,,,,,,,,,,,,,,,,
w/waiting_room/sun_aufojieqwkhtckea.jpg,0,,,,s/shoe_shop/sun_azlotttlkgklfbjk.jpg,,,,,,,,,,,,,,,,,,,,,
w/waiting_room/sun_advrhrvskotjztnq.jpg,0,,,,s/shoe_shop/sun_bjvzoiutfguixtka.jpg,,,,,,,,,,,,,,,,,,,,,
y/youth_hostel/sun_aytgikyzcftdsjlx.jpg,0,,,,s/shoe_shop/sun_bocstqyewxedbbcm.jpg,,,,,,,,,,,,,,,,,,,,,
y/youth_hostel/sun_brnuucpldzxiujpi.jpg,0,,,,s/shoe_shop/sun_bvlzxuqkstismovb.jpg,,,,,,,,,,,,,,,,,,,,,
y/youth_hostel/sun_dgmduqwfbyflmait.jpg,0,,,,/s/shoe_shop/sun_bwneuqbvebzcyhpj.jpg,,,,,,,,,,,,,,,,,,,,,
s/supermarket/sun_aaxrxtgggoulbbog.jpg,0,,,,s/shoe_shop/sun_bzoxdittshdddvdw.jpg,,,,,,,,,,,,,,,,,,,,,
s/supermarket/sun_adlatlavfglzcgrx.jpg,0,,,,s/shopping_mall/indoor/sun_aaectxhwrwmyzvlg.jpg,,,,,,,,,,,,,,,,,,,,,
s/supermarket/sun_bfhlobdtmjyfhyav.jpg,0,,,,s/shopping_mall/indoor/sun_aaouqnublscyodca.jpg,,,,,,,,,,,,,,,,,,,,,
s/supermarket/sun_bzheckjkqqgwcfnm.jpg,0,,,,s/shopping_mall/indoor/sun_aauvhlcybfdmcbdo.jpg,,,,,,,,,,,,,,,,,,,,,
t/toyshop/sun_ajzqdjiafpjpkvpv.jpg,1,,,,s/shopping_mall/indoor/sun_aawuxuktsrvwnrad.jpg,,,,,,,,,,,,,,,,,,,,,
w/waiting_room/sun_bcfpdrrhypidfvpz.jpg,0,,,,s/shopping_mall/indoor/sun_abegyiikvbaqpooh.jpg,,,,,,,,,,,,,,,,,,,,,
w/waiting_room/sun_beyltluglgjvvngb.jpg,0,,,,s/shopping_mall/indoor/sun_abinzcwwdalhotve.jpg,,,,,,,,,,,,,,,,,,,,,
w/waiting_room/sun_bgleyjzfabmmlyxm.jpg,0,,,,u/utility_room/sun_ahlohggizpbxkapx.jpg,,,,,,,,,,,,,,,,,,,,,
w/waiting_room/sun_bhupagxsiqekzmgc.jpg,0,,,,u/utility_room/sun_dgfznmufulkitdcg.jpg,,,,,,,,,,,,,,,,,,,,,
w/waiting_room/sun_biivklwtzhqcwvfo.jpg,0,,,,u/utility_room/sun_dodsrpmtjevotfvi.jpg,,,,,,,,,,,,,,,,,,,,,
w/waiting_room/sun_bisshajdgavkcjmw.jpg,0,,,,u/utility_room/sun_duwwhfbgdfrrazru.jpg,,,,,,,,,,,,,,,,,,,,,
w/waiting_room/sun_biwnkkseviodpwdr.jpg,0,,,,w/waiting_room/sun_advlzlfrbjyimbtw.jpg,,,,,,,,,,,,,,,,,,,,,
w/waiting_room/sun_bjhfihmtojecinch.jpg,0,,,,w/waiting_room/sun_aetbyxncrjkqznqd.jpg,,,,,,,,,,,,,,,,,,,,,
w/waiting_room/sun_blkcsvjrvhirdlkv.jpg,0,,,,w/waiting_room/sun_agycckhlbmrhwnoo.jpg,,,,,,,,,,,,,,,,,,,,,
w/waiting_room/sun_blssdlyuicwoyrna.jpg,0,,,,w/waiting_room/sun_ahcwajsrrnvyowjb.jpg,,,,,,,,,,,,,,,,,,,,,
w/waiting_room/sun_blyyqnakwazdxqoo.jpg,0,,,,w/waiting_room/sun_akgbxqblrbvqrbtr.jpg,,,,,,,,,,,,,,,,,,,,,
w/waiting_room/sun_bmwdhckrmgwuwpus.jpg,0,,,,w/waiting_room/sun_akipuxtuohhkqurv.jpg,,,,,,,,,,,,,,,,,,,,,
w/waiting_room/sun_bohcahebpjqbazhu.jpg,0,,,,w/waiting_room/sun_alzcqpirhgthqjde.jpg,,,,,,,,,,,,,,,,,,,,,
w/waiting_room/sun_brxovkehaktenaty.jpg,0,,,,w/waiting_room/sun_annsdirkjkcjcybl.jpg,,,,,,,,,,,,,,,,,,,,,
w/waiting_room/sun_bsqvupqzfzvxqwro.jpg,0,,,,w/waiting_room/sun_aqcqzpjpnzklrnrd.jpg,,,,,,,,,,,,,,,,,,,,,
w/waiting_room/sun_bsxnbdvmmeihzatl.jpg,0,,,,w/waiting_room/sun_aqymgjtgfxzqflhs.jpg,,,,,,,,,,,,,,,,,,,,,
w/waiting_room/sun_bvdrpwgqognlajgw.jpg,0,,,,w/waiting_room/sun_athfdlepseuclbpa.jpg,,,,,,,,,,,,,,,,,,,,,
w/waiting_room/sun_bwolgpygaenfzlkn.jpg,0,,,,w/waiting_room/sun_avtgzswazqnabpzd.jpg,,,,,,,,,,,,,,,,,,,,,
w/waiting_room/sun_bxqlnoemstqpowhp.jpg,0,,,,w/waiting_room/sun_avxqcriudywrgkcu.jpg,,,,,,,,,,,,,,,,,,,,,
w/waiting_room/sun_byzuzoqljxuwtvti.jpg,0,,,,w/waiting_room/sun_avxqmjunkbwrqxvq.jpg,,,,,,,,,,,,,,,,,,,,,
w/wine_cellar/bottle_storage/sun_atcyvvazhxkbalxl.jpg,1,,,,w/waiting_room/sun_aoifztrmotrcyrqe.jpg,,,,,,,,,,,,,,,,,,,,,
w/wine_cellar/bottle_storage/sun_auojcztfkzwefmfh.jpg,0,,,,w/wet_bar/sun_aheodembmmvfmyqq.jpg,,,,,,,,,,,,,,,,,,,,,
w/wine_cellar/bottle_storage/sun_awyuuqkqnpsrvznc.jpg,0,,,,w/wet_bar/sun_aiygyfokqacobugo.jpg,,,,,,,,,,,,,,,,,,,,,
w/wine_cellar/bottle_storage/sun_badjcavkhymwelyc.jpg,0,,,,w/wet_bar/sun_bctjdlmrvpvqwavq.jpg,,,,,,,,,,,,,,,,,,,,,
w/wine_cellar/bottle_storage/sun_bdsfihqcowpyfyoh.jpg,0,,,,w/wet_bar/sun_begfqwvscudomkpa.jpg,,,,,,,,,,,,,,,,,,,,,
w/wine_cellar/bottle_storage/sun_blvmmxeccaivugfg.jpg,0,,,,w/wet_bar/sun_bfcvebwfyogwmvtr.jpg,,,,,,,,,,,,,,,,,,,,,
w/wine_cellar/bottle_storage/sun_bmrzzqibgwptxhfs.jpg,1,,,,w/wet_bar/sun_bgkrxasvdezwalhk.jpg,,,,,,,,,,,,,,,,,,,,,
w/wine_cellar/bottle_storage/sun_bonqjdeafcavlvjx.jpg,0,,,,w/wet_bar/sun_bhbdozwrlrvjvflw.jpg,,,,,,,,,,,,,,,,,,,,,
w/wine_cellar/bottle_storage/sun_bpfkhnkxywdodcic.jpg,0,,,,w/wet_bar/sun_bhdyhvhadbxtwgik.jpg,,,,,,,,,,,,,,,,,,,,,
w/wine_cellar/bottle_storage/sun_bsemkfzrcriwppec.jpg,0,,,,w/wine_cellar/bottle_storage/sun_abfpafeqvnaheqqi.jpg,,,,,,,,,,,,,,,,,,,,,
w/wine_cellar/bottle_storage/sun_bwqclwbooylgkgoe.jpg,1,,,,w/wine_cellar/bottle_storage/sun_acgtpvcxfgbwtcfj.jpg,,,,,,,,,,,,,,,,,,,,,
w/wine_cellar/bottle_storage/sun_bxqssckirddeyswc.jpg,0,,,,w/wine_cellar/bottle_storage/sun_advtbcygjasobgme.jpg,,,,,,,,,,,,,,,,,,,,,
w/wine_cellar/bottle_storage/sun_byltuuxtonkdtkps.jpg,0,,,,w/wine_cellar/bottle_storage/sun_adzerakghifvwkpa.jpg,,,,,,,,,,,,,,,,,,,,,
s/shopping_mall/indoor/sun_aztxfwxatxbfwmcv.jpg,0,,,,w/wine_cellar/bottle_storage/sun_aenbebcecqravbzh.jpg,,,,,,,,,,,,,,,,,,,,,
s/staircase/sun_btsfxxrlauchiodc.jpg,0,,,,y/youth_hostel/sun_ahzoxowsanwcriqu.jpg,,,,,,,,,,,,,,,,,,,,,
s/staircase/sun_bwjqhmphorknpjcn.jpg,0,,,,y/youth_hostel/sun_apjnyeggpkgdaurm.jpg,,,,,,,,,,,,,,,,,,,,,
s/sushi_bar/sun_dduqwqcnizkjmbym.jpg,0,,,,y/youth_hostel/sun_avyskbazpuyarqea.jpg,,,,,,,,,,,,,,,,,,,,,
s/sushi_bar/sun_dhlrhcnqfbxbkbpy.jpg,0,,,,y/youth_hostel/sun_badyaxfucnwgbcdp.jpg,,,,,,,,,,,,,,,,,,,,,
s/sushi_bar/sun_dstsuurgeihyfgib.jpg,0,,,,y/youth_hostel/sun_bektxtllxxtlartw.jpg,,,,,,,,,,,,,,,,,,,,,
s/sushi_bar/sun_dypdyousqbzdqqpg.jpg,0,,,,y/youth_hostel/sun_bggjirgsdnqewgwp.jpg,,,,,,,,,,,,,,,,,,,,,
s/shoe_shop/sun_apfnhnsiviabpcrs.jpg,0,,,,y/youth_hostel/sun_bhyzufeohlbockmj.jpg,,,,,,,,,,,,,,,,,,,,,
s/shoe_shop/sun_bmlswqhfomvwnbnc.jpg,0,,,,y/youth_hostel/sun_bjgujioogsjhkcbx.jpg,,,,,,,,,,,,,,,,,,,,,
u/utility_room/sun_aqypmayniekoilrw.jpg,0,,,,y/youth_hostel/sun_bkheutrncmvsgfku.jpg,,,,,,,,,,,,,,,,,,,,,
w/waiting_room/sun_abxxdoodgnirhtds.jpg,0,,,,y/youth_hostel/sun_bmrjficqatlbojdn.jpg,,,,,,,,,,,,,,,,,,,,,
w/waiting_room/sun_advrhrvskotjztnq.jpg,0,,,,y/youth_hostel/sun_afidjnfotshcgxal.jpg,,,,,,,,,,,,,,,,,,,,,
w/waiting_room/sun_aoecfksqojgzuotk.jpg,0,,,,y/youth_hostel/sun_boyrvlmqnirmdrme.jpg,,,,,,,,,,,,,,,,,,,,,
w/waiting_room/sun_avvohymacsjhsgbl.jpg,0,,,,y/youth_hostel/sun_boyxvextaeonmyll.jpg,,,,,,,,,,,,,,,,,,,,,
y/youth_hostel/sun_bpzzatthlcapxzol.jpg,0,,,,y/youth_hostel/sun_bqczqcooujykrvpg.jpg,,,,,,,,,,,,,,,,,,,,,
y/youth_hostel/sun_dcswehhuwkptjtbw.jpg,0,,,,y/youth_hostel/sun_dbtxidkjixulsbpt.jpg,,,,,,,,,,,,,,,,,,,,,
s/supermarket/sun_asoxzkidagiaecak.jpg,0,,,,y/youth_hostel/sun_dcxzihpgsfirivpg.jpg,,,,,,,,,,,,,,,,,,,,,
s/supermarket/sun_aszngxmltdqdachn.jpg,0,,,,y/youth_hostel/sun_ddvoqmalpuwoalbx.jpg,,,,,,,,,,,,,,,,,,,,,
s/supermarket/sun_awpygoncvcbwwevb.jpg,0,,,,y/youth_hostel/sun_dekggnxjfnefvlde.jpg,,,,,,,,,,,,,,,,,,,,,
s/supermarket/sun_bhonyxltrhclmivx.jpg,0,,,,y/youth_hostel/sun_dfmsggrbiauovqmk.jpg,,,,,,,,,,,,,,,,,,,,,
t/toyshop/sun_aetoogzxiydppuhp.jpg,0,,,,y/youth_hostel/sun_dlosjuxtnejklpfs.jpg,,,,,,,,,,,,,,,,,,,,,
w/waiting_room/sun_bbcjjambqjxedqdv.jpg,0,,,,y/youth_hostel/sun_duidhkoxbmvtuibe.jpg,,,,,,,,,,,,,,,,,,,,,
w/waiting_room/sun_bbqizgghqfbjtdtw.jpg,0,,,,y/youth_hostel/sun_dxtfrnolweykmuzj.jpg,,,,,,,,,,,,,,,,,,,,,
w/waiting_room/sun_bbyhqmbovythxzln.jpg,0,,,,y/youth_hostel/sun_dzaviyhabsvecjfs.jpg,,,,,,,,,,,,,,,,,,,,,
w/waiting_room/sun_aionqsmjfgxamkmh.jpg,,,,,s/shopping_mall/indoor/sun_abiypylcjlcjvvnh.jpg,,,,,,,,,,,,,,,,,,,,,
y/youth_hostel/sun_bcwhwhezuwvwalfi.jpg,,,,,s/shopping_mall/indoor/sun_aegnfscoomigufav.jpg,,,,,,,,,,,,,,,,,,,,,
,,,,,s/shopping_mall/indoor/sun_afnvcmtpbsdmeuxp.jpg,,,,,,,,,,,,,,,,,,,,,
,,,,,s/shopping_mall/indoor/sun_agmhtgswcoqaacsq.jpg,,,,,,,,,,,,,,,,,,,,,
,,,,,s/shopping_mall/indoor/sun_aihhxqzkpjckcfrk.jpg,,,,,,,,,,,,,,,,,,,,,
,,,,,s/shopping_mall/indoor/sun_ammlnyqvwefgfajg.jpg,,,,,,,,,,,,,,,,,,,,,
,,,,,s/shopping_mall/indoor/sun_aobslqavezjgnjtv.jpg,,,,,,,,,,,,,,,,,,,,,
,,,,,s/shopping_mall/indoor/sun_aoebwjwaoyzixwkj.jpg,,,,,,,,,,,,,,,,,,,,,
,,,,,s/shopping_mall/indoor/sun_aoierleozpcjfnlc.jpg,,,,,,,,,,,,,,,,,,,,,
,,,,,s/shopping_mall/indoor/sun_aoyyqbbxzvxzklyl.jpg,,,,,,,,,,,,,,,,,,,,,
,,,,,s/shopping_mall/indoor/sun_aprlcqcsfbzcdjbz.jpg,,,,,,,,,,,,,,,,,,,,,
,,,,,s/shopping_mall/indoor/sun_arifkawtgxfwhyyq.jpg,,,,,,,,,,,,,,,,,,,,,
,,,,,s/shopping_mall/indoor/sun_aruurecfuhvbdznz.jpg,,,,,,,,,,,,,,,,,,,,,
,,,,,s/staircase/sun_akhguzpeffmsqagp.jpg,,,,,,,,,,,,,,,,,,,,,
,,,,,s/staircase/sun_alepozzncejpvxkr.jpg,,,,,,,,,,,,,,,,,,,,,
,,,,,s/staircase/sun_amsmkrsblcoxlvwi.jpg,,,,,,,,,,,,,,,,,,,,,
,,,,,s/staircase/sun_aqoomujnbaeckejm.jpg,,,,,,,,,,,,,,,,,,,,,
,,,,,s/staircase/sun_axnxqopaszscqqiw.jpg,,,,,,,,,,,,,,,,,,,,,
,,,,,s/staircase/sun_bamlgkhncygrakcv.jpg,,,,,,,,,,,,,,,,,,,,,
,,,,,s/staircase/sun_bboytmnnpuwezzbx.jpg,,,,,,,,,,,,,,,,,,,,,
,,,,,s/staircase/sun_bbrweotigrhyddid.jpg,,,,,,,,,,,,,,,,,,,,,
,,,,,s/shopping_mall/indoor/sun_asbknkxckcdqmjml.jpg,,,,,,,,,,,,,,,,,,,,,
,,,,,s/shopping_mall/indoor/sun_aslhcunpjzscbrnq.jpg,,,,,,,,,,,,,,,,,,,,,
,,,,,s/shopping_mall/indoor/sun_asqicbhuijmudvrw.jpg,,,,,,,,,,,,,,,,,,,,,
,,,,,s/shopping_mall/indoor/sun_asrhcumdtwmoccno.jpg,,,,,,,,,,,,,,,,,,,,,
,,,,,s/shopping_mall/indoor/sun_avdyliioxpbbrchh.jpg,,,,,,,,,,,,,,,,,,,,,
,,,,,s/staircase/sun_bdbrshcbufkhctac.jpg,,,,,,,,,,,,,,,,,,,,,
,,,,,s/staircase/sun_bdtydtkmuxoxryvf.jpg,,,,,,,,,,,,,,,,,,,,,
,,,,,s/staircase/sun_behkudbtildxehgt.jpg,,,,,,,,,,,,,,,,,,,,,
,,,,,s/supermarket/sun_aalfiypbfjdjzemm.jpg,,,,,,,,,,,,,,,,,,,,,
,,,,,s/supermarket/sun_aarxdvofpdsboqvl.jpg,,,,,,,,,,,,,,,,,,,,,
,,,,,s/supermarket/sun_abaqfrdikwralyfv.jpg,,,,,,,,,,,,,,,,,,,,,
,,,,,s/supermarket/sun_abbfhgwapupmdybb.jpg,,,,,,,,,,,,,,,,,,,,,
,,,,,s/supermarket/sun_abmkzxvudrcajnle.jpg,,,,,,,,,,,,,,,,,,,,,
,,,,,s/supermarket/sun_acdnqasaccnnhvsc.jpg,,,,,,,,,,,,,,,,,,,,,
,,,,,s/supermarket/sun_aciipmhxlockwesc.jpg,,,,,,,,,,,,,,,,,,,,,
,,,,,s/supermarket/sun_acmmgshfrxgopxlk.jpg,,,,,,,,,,,,,,,,,,,,,
,,,,,s/supermarket/sun_adfymjxpkicpsljk.jpg,,,,,,,,,,,,,,,,,,,,,
,,,,,s/supermarket/sun_adgiqjbmhjyznpgu.jpg,,,,,,,,,,,,,,,,,,,,,
,,,,,s/supermarket/sun_adqyryzalmshkaok.jpg,,,,,,,,,,,,,,,,,,,,,
,,,,,s/supermarket/sun_afbarbahhasqffbt.jpg,,,,,,,,,,,,,,,,,,,,,
,,,,,s/supermarket/sun_afdirosatajvufrk.jpg,,,,,,,,,,,,,,,,,,,,,
,,,,,s/supermarket/sun_afsjslnceviujgqy.jpg,,,,,,,,,,,,,,,,,,,,,
,,,,,s/supermarket/sun_aczzweebuokhxnbb.jpg,,,,,,,,,,,,,,,,,,,,,
,,,,,s/supermarket/sun_agkyzvftomgvgwky.jpg,,,,,,,,,,,,,,,,,,,,,
,,,,,s/supermarket/sun_ahmoznrxomkgrris.jpg,,,,,,,,,,,,,,,,,,,,,
,,,,,s/supermarket/sun_aieuiwqshoqeoodt.jpg,,,,,,,,,,,,,,,,,,,,,
,,,,,s/supermarket/sun_aitsbfgqwfaaypyh.jpg,,,,,,,,,,,,,,,,,,,,,
,,,,,s/supermarket/sun_ajeznvlilojwvisw.jpg,,,,,,,,,,,,,,,,,,,,,
,,,,,s/supermarket/sun_ajfkrdilcurxubxd.jpg,,,,,,,,,,,,,,,,,,,,,
,,,,,s/supermarket/sun_ajgmghxgyioznbhs.jpg,,,,,,,,,,,,,,,,,,,,,
,,,,,s/supermarket/sun_ajwuqobqdoekvnxe.jpg,,,,,,,,,,,,,,,,,,,,,
,,,,,s/supermarket/sun_ajyrtpsnehibhndg.jpg,,,,,,,,,,,,,,,,,,,,,
,,,,,s/supermarket/sun_akklodroxrgazbin.jpg,,,,,,,,,,,,,,,,,,,,,
,,,,,s/supermarket/sun_akqpikmgyzrpoilg.jpg,,,,,,,,,,,,,,,,,,,,,
,,,,,s/supermarket/sun_akrptximpgaceasz.jpg,,,,,,,,,,,,,,,,,,,,,
,,,,,s/supermarket/sun_alqvtculfxjcyoih.jpg,,,,,,,,,,,,,,,,,,,,,
,,,,,s/supermarket/sun_ambbbzanwbsjjxhq.jpg,,,,,,,,,,,,,,,,,,,,,
,,,,,s/supermarket/sun_amgycegphrxbrtcj.jpg,,,,,,,,,,,,,,,,,,,,,
,,,,,s/supermarket/sun_aniajqvvawhskjio.jpg,,,,,,,,,,,,,,,,,,,,,
,,,,,s/supermarket/sun_aoqciietwdaeyqfb.jpg,,,,,,,,,,,,,,,,,,,,,
,,,,,s/supermarket/sun_apszvnzwlvpcghfq.jpg,,,,,,,,,,,,,,,,,,,,,
,,,,,s/supermarket/sun_apvbjnjzijnakkkk.jpg,,,,,,,,,,,,,,,,,,,,,
,,,,,s/supermarket/sun_aqfdlqzwlyuyvior.jpg,,,,,,,,,,,,,,,,,,,,,
,,,,,s/supermarket/sun_aqpwdvisosnmyhfg.jpg,,,,,,,,,,,,,,,,,,,,,
,,,,,s/supermarket/sun_arbyihgdqtqdcnxc.jpg,,,,,,,,,,,,,,,,,,,,,
,,,,,s/supermarket/sun_arcnfcmzthrstpsa.jpg,,,,,,,,,,,,,,,,,,,,,
,,,,,s/supermarket/sun_arddxtgagmcfpsvm.jpg,,,,,,,,,,,,,,,,,,,,,
,,,,,s/supermarket/sun_ariudxnypwyqotnn.jpg,,,,,,,,,,,,,,,,,,,,,
,,,,,s/supermarket/sun_atlojbdxatjwpavj.jpg,,,,,,,,,,,,,,,,,,,,,
,,,,,s/supermarket/sun_atorblbdpqodlban.jpg,,,,,,,,,,,,,,,,,,,,,
,,,,,s/supermarket/sun_attfybmngdqnppeu.jpg,,,,,,,,,,,,,,,,,,,,,
,,,,,s/supermarket/sun_atvcoaacpzkilnep.jpg,,,,,,,,,,,,,,,,,,,,,
,,,,,s/supermarket/sun_atxfjvjacreqhmer.jpg,,,,,,,,,,,,,,,,,,,,,
,,,,,s/supermarket/sun_axmjdrbvujzkxkfs.jpg,,,,,,,,,,,,,,,,,,,,,
,,,,,s/supermarket/sun_axniorwxsqadaqwh.jpg,,,,,,,,,,,,,,,,,,,,,
,,,,,s/supermarket/sun_axtgeryygshaeeuf.jpg,,,,,,,,,,,,,,,,,,,,,
,,,,,s/supermarket/sun_axuygapksxftnzrr.jpg,,,,,,,,,,,,,,,,,,,,,
,,,,,s/supermarket/sun_ayoohkdsprcmsnwr.jpg,,,,,,,,,,,,,,,,,,,,,
,,,,,s/supermarket/sun_ayxrcvgcmsrpzdco.jpg,,,,,,,,,,,,,,,,,,,,,
,,,,,s/supermarket/sun_bbqyzndwrhudvmsi.jpg,,,,,,,,,,,,,,,,,,,,,
,,,,,s/supermarket/sun_bbvtschlcjgfqqsq.jpg,,,,,,,,,,,,,,,,,,,,,
,,,,,s/supermarket/sun_bebhffuhfdwhivpp.jpg,,,,,,,,,,,,,,,,,,,,,
,,,,,s/supermarket/sun_beskkpvtckrfshaz.jpg,,,,,,,,,,,,,,,,,,,,,
,,,,,s/supermarket/sun_bhnfdtmiflnmutpj.jpg,,,,,,,,,,,,,,,,,,,,,
,,,,,s/supermarket/sun_bhwtpimhngnokhlf.jpg,,,,,,,,,,,,,,,,,,,,,
,,,,,s/supermarket/sun_bkrknvfgyftkzddt.jpg,,,,,,,,,,,,,,,,,,,,,
,,,,,s/supermarket/sun_bkuaqrcgqponrayx.jpg,,,,,,,,,,,,,,,,,,,,,
,,,,,s/supermarket/sun_bkvidpimszdwzanf.jpg,,,,,,,,,,,,,,,,,,,,,
,,,,,s/supermarket/sun_bluxnznoaykfmjzy.jpg,,,,,,,,,,,,,,,,,,,,,
,,,,,s/supermarket/sun_blxakaaridptosgx.jpg,,,,,,,,,,,,,,,,,,,,,
,,,,,s/supermarket/sun_bqnjpygnixouaemv.jpg,,,,,,,,,,,,,,,,,,,,,
,,,,,s/supermarket/sun_bqsbcxzrjgiqknks.jpg,,,,,,,,,,,,,,,,,,,,,
,,,,,s/supermarket/sun_bqtrpbnvpambroxt.jpg,,,,,,,,,,,,,,,,,,,,,
,,,,,s/supermarket/sun_bqxfngjagrktqfiz.jpg,,,,,,,,,,,,,,,,,,,,,
,,,,,s/supermarket/sun_bumlnjnqmejiyqxz.jpg,,,,,,,,,,,,,,,,,,,,,
,,,,,s/supermarket/sun_buubyplbcwgkxohn.jpg,,,,,,,,,,,,,,,,,,,,,
,,,,,s/supermarket/sun_buvvzcxrkbptcozs.jpg,,,,,,,,,,,,,,,,,,,,,
,,,,,s/supermarket/sun_bymzileiqswptvrv.jpg,,,,,,,,,,,,,,,,,,,,,
,,,,,t/toyshop/sun_aacwgireyzzellyl.jpg,,,,,,,,,,,,,,,,,,,,,
,,,,,t/toyshop/sun_aaguipoeqirlfvjn.jpg,,,,,,,,,,,,,,,,,,,,,
,,,,,t/toyshop/sun_abmekjbvpykxvmki.jpg,,,,,,,,,,,,,,,,,,,,,
,,,,,t/toyshop/sun_abovgannghfmmggm.jpg,,,,,,,,,,,,,,,,,,,,,
,,,,,t/toyshop/sun_abtxqebonmyudftu.jpg,,,,,,,,,,,,,,,,,,,,,
,,,,,t/toyshop/sun_adjhyvdjaihymxka.jpg,,,,,,,,,,,,,,,,,,,,,
,,,,,t/toyshop/sun_aenxfuqhftpalake.jpg,,,,,,,,,,,,,,,,,,,,,
,,,,,t/toyshop/sun_aevxcubkjxacmmfq.jpg,,,,,,,,,,,,,,,,,,,,,
,,,,,t/toyshop/sun_afcxxdmgoekemqsr.jpg,,,,,,,,,,,,,,,,,,,,,
,,,,,t/toyshop/sun_afqxpbpgzqwwqhed.jpg,,,,,,,,,,,,,,,,,,,,,
,,,,,t/toyshop/sun_agccxzmuitzfpvup.jpg,,,,,,,,,,,,,,,,,,,,,
,,,,,t/toyshop/sun_agxpvihohsbvepfi.jpg,,,,,,,,,,,,,,,,,,,,,
,,,,,t/toyshop/sun_ahpanfjtqolxthev.jpg,,,,,,,,,,,,,,,,,,,,,
,,,,,t/toyshop/sun_aigeysbnqczuweer.jpg,,,,,,,,,,,,,,,,,,,,,
,,,,,t/toyshop/sun_aipnlghrfhebrkfd.jpg,,,,,,,,,,,,,,,,,,,,,
,,,,,t/toyshop/sun_ajinodmgrlsxunxn.jpg,,,,,,,,,,,,,,,,,,,,,
,,,,,t/toyshop/sun_amjjehpymxujbcnk.jpg,,,,,,,,,,,,,,,,,,,,,
,,,,,t/toyshop/sun_amqtiiznsdhmecqy.jpg,,,,,,,,,,,,,,,,,,,,,
,,,,,t/toyshop/sun_aptajzjuiwmhxhvo.jpg,,,,,,,,,,,,,,,,,,,,,
,,,,,t/toyshop/sun_aqkjqzcccbrgpzkn.jpg,,,,,,,,,,,,,,,,,,,,,
,,,,,t/toyshop/sun_aqlrmdtrpufznspf.jpg,,,,,,,,,,,,,,,,,,,,,
,,,,,t/toyshop/sun_aqurqnuwzifwbpwa.jpg,,,,,,,,,,,,,,,,,,,,,
,,,,,t/toyshop/sun_aswimiadazpdsltq.jpg,,,,,,,,,,,,,,,,,,,,,
,,,,,t/toyshop/sun_atnhdawricnldvpd.jpg,,,,,,,,,,,,,,,,,,,,,
,,,,,t/toyshop/sun_auowyxdgxlbiupdv.jpg,,,,,,,,,,,,,,,,,,,,,
,,,,,t/toyshop/sun_avrxtomxrfcydrux.jpg,,,,,,,,,,,,,,,,,,,,,
,,,,,t/toyshop/sun_avxorqezgeksguvj.jpg,,,,,,,,,,,,,,,,,,,,,
,,,,,t/toyshop/sun_awtlkrnacitrgpzn.jpg,,,,,,,,,,,,,,,,,,,,,
,,,,,t/toyshop/sun_axogfwryuzucdvmf.jpg,,,,,,,,,,,,,,,,,,,,,
,,,,,t/toyshop/sun_azifvurojbclsxdh.jpg,,,,,,,,,,,,,,,,,,,,,
,,,,,t/toyshop/sun_azuljhmgnhiobfov.jpg,,,,,,,,,,,,,,,,,,,,,
,,,,,t/toyshop/sun_azuzttmvolgenbum.jpg,,,,,,,,,,,,,,,,,,,,,
,,,,,w/waiting_room/sun_barijmnggwqqppch.jpg,,,,,,,,,,,,,,,,,,,,,
,,,,,w/waiting_room/sun_bcfurcicntqakbjw.jpg,,,,,,,,,,,,,,,,,,,,,
,,,,,w/waiting_room/sun_bclfvoerzgwklpwo.jpg,,,,,,,,,,,,,,,,,,,,,
,,,,,w/waiting_room/sun_bdfndyrtqqiasoig.jpg,,,,,,,,,,,,,,,,,,,,,
,,,,,w/waiting_room/sun_bfbzzcwxoegrybqi.jpg,,,,,,,,,,,,,,,,,,,,,
,,,,,w/waiting_room/sun_bhylvzkpuesdqtjg.jpg,,,,,,,,,,,,,,,,,,,,,
,,,,,w/waiting_room/sun_biserpnuaourrurj.jpg,,,,,,,,,,,,,,,,,,,,,
,,,,,w/waiting_room/sun_bivowszcezrbyins.jpg,,,,,,,,,,,,,,,,,,,,,
,,,,,w/waiting_room/sun_bjugpsycrqedifai.jpg,,,,,,,,,,,,,,,,,,,,,
,,,,,w/waiting_room/sun_bjxixcqanrkqawju.jpg,,,,,,,,,,,,,,,,,,,,,
,,,,,w/waiting_room/sun_blservlfogfiisco.jpg,,,,,,,,,,,,,,,,,,,,,
,,,,,w/waiting_room/sun_bmcxnjokramdvepp.jpg,,,,,,,,,,,,,,,,,,,,,
,,,,,w/waiting_room/sun_bmuikkpgxqyyudje.jpg,,,,,,,,,,,,,,,,,,,,,
,,,,,w/waiting_room/sun_bouwjljwfodolxfv.jpg,,,,,,,,,,,,,,,,,,,,,
,,,,,w/waiting_room/sun_bqdnmxfhxndcejiu.jpg,,,,,,,,,,,,,,,,,,,,,
,,,,,w/waiting_room/sun_bqxxcvntzjepngig.jpg,,,,,,,,,,,,,,,,,,,,,
,,,,,w/waiting_room/sun_bsnmkjbvcfbvgrvb.jpg,,,,,,,,,,,,,,,,,,,,,
,,,,,w/waiting_room/sun_bsrsfxggcewkhbkh.jpg,,,,,,,,,,,,,,,,,,,,,
,,,,,w/waiting_room/sun_bvatskriwrrkaebz.jpg,,,,,,,,,,,,,,,,,,,,,
,,,,,w/waiting_room/sun_bvfpmrtjqqgeuqra.jpg,,,,,,,,,,,,,,,,,,,,,
,,,,,w/waiting_room/sun_bvpefboymaquhyeu.jpg,,,,,,,,,,,,,,,,,,,,,
,,,,,w/waiting_room/sun_bvspqefiywuxiehe.jpg,,,,,,,,,,,,,,,,,,,,,
,,,,,w/waiting_room/sun_bwggbngnqhpervju.jpg,,,,,,,,,,,,,,,,,,,,,
,,,,,w/waiting_room/sun_bwmyhgxscpckpcws.jpg,,,,,,,,,,,,,,,,,,,,,
,,,,,w/waiting_room/sun_bwyrwlgqrowtpcka.jpg,,,,,,,,,,,,,,,,,,,,,
,,,,,w/waiting_room/sun_bxjcfkuiiytlkdxu.jpg,,,,,,,,,,,,,,,,,,,,,
,,,,,w/waiting_room/sun_bxjswtrvottvvbee.jpg,,,,,,,,,,,,,,,,,,,,,
,,,,,w/waiting_room/sun_byfxycjbnvdpspnv.jpg,,,,,,,,,,,,,,,,,,,,,
,,,,,w/waiting_room/sun_bzpcgrdcimmvkese.jpg,,,,,,,,,,,,,,,,,,,,,
,,,,,w/waiting_room/sun_bzxzhcylhxcjgeeg.jpg,,,,,,,,,,,,,,,,,,,,,
,,,,,w/wet_bar/sun_bimzaosnpafcztxr.jpg,,,,,,,,,,,,,,,,,,,,,
,,,,,w/wet_bar/sun_bishneyoimogwhtc.jpg,,,,,,,,,,,,,,,,,,,,,
,,,,,w/wet_bar/sun_bljyplksgpynqtik.jpg,,,,,,,,,,,,,,,,,,,,,
,,,,,w/wet_bar/sun_brtbzhszdhcekmfr.jpg,,,,,,,,,,,,,,,,,,,,,
,,,,,w/wet_bar/sun_brukvczziztmnsnz.jpg,,,,,,,,,,,,,,,,,,,,,
,,,,,w/wet_bar/sun_bsdnndfrriaacbew.jpg,,,,,,,,,,,,,,,,,,,,,
,,,,,w/wet_bar/sun_buuqrmygimuuizju.jpg,,,,,,,,,,,,,,,,,,,,,
,,,,,w/wet_bar/sun_bxltmfutwvtdhpji.jpg,,,,,,,,,,,,,,,,,,,,,
,,,,,w/wet_bar/sun_bxbesvdohewknnff.jpg,,,,,,,,,,,,,,,,,,,,,
,,,,,w/wet_bar/sun_byfwcxpgqzdqucvh.jpg,,,,,,,,,,,,,,,,,,,,,
,,,,,w/wet_bar/sun_bypfvroxcdrbmdro.jpg,,,,,,,,,,,,,,,,,,,,,
,,,,,w/wet_bar/sun_byukjlwoanzbhtxa.jpg,,,,,,,,,,,,,,,,,,,,,
,,,,,w/wet_bar/sun_bzdzlbdeidzwjbkx.jpg,,,,,,,,,,,,,,,,,,,,,
,,,,,w/wet_bar/sun_bzngxpiptjkfoqda.jpg,,,,,,,,,,,,,,,,,,,,,
,,,,,w/wine_cellar/bottle_storage/sun_aewmaoclalxpwnci.jpg,,,,,,,,,,,,,,,,,,,,,
,,,,,w/wine_cellar/bottle_storage/sun_afkhbdbjikdvfopa.jpg,,,,,,,,,,,,,,,,,,,,,
,,,,,w/wine_cellar/bottle_storage/sun_ahdnwahtqtspjura.jpg,,,,,,,,,,,,,,,,,,,,,
,,,,,w/wine_cellar/bottle_storage/sun_ahthyesvzivdbasz.jpg,,,,,,,,,,,,,,,,,,,,,
,,,,,w/wine_cellar/bottle_storage/sun_ahwphtuuifzheabd.jpg,,,,,,,,,,,,,,,,,,,,,
,,,,,w/wine_cellar/bottle_storage/sun_airytxmzmpbjohbr.jpg,,,,,,,,,,,,,,,,,,,,,
,,,,,w/wine_cellar/bottle_storage/sun_ajexebchdhpmonmh.jpg,,,,,,,,,,,,,,,,,,,,,
,,,,,w/wine_cellar/bottle_storage/sun_ajhpudqjnldatkzg.jpg,,,,,,,,,,,,,,,,,,,,,
,,,,,w/wine_cellar/bottle_storage/sun_ajiqzbzvpimbjlgr.jpg,,,,,,,,,,,,,,,,,,,,,
,,,,,w/wine_cellar/bottle_storage/sun_ajnbdpcvlecetglq.jpg,,,,,,,,,,,,,,,,,,,,,
,,,,,w/wine_cellar/bottle_storage/sun_akzgejqvraiafxtt.jpg,,,,,,,,,,,,,,,,,,,,,
,,,,,w/wine_cellar/bottle_storage/sun_amwckmhbgtaovhup.jpg,,,,,,,,,,,,,,,,,,,,,
,,,,,w/wine_cellar/bottle_storage/sun_amxopmbzbcrswaas.jpg,,,,,,,,,,,,,,,,,,,,,
,,,,,w/wine_cellar/bottle_storage/sun_anfkanheipmuiyjn.jpg,,,,,,,,,,,,,,,,,,,,,
,,,,,w/wine_cellar/bottle_storage/sun_aoqfkcnqhwnzibfx.jpg,,,,,,,,,,,,,,,,,,,,,
,,,,,w/wine_cellar/bottle_storage/sun_aqiqmptjxrxgpyfa.jpg,,,,,,,,,,,,,,,,,,,,,
,,,,,w/wine_cellar/bottle_storage/sun_arqgrsjnvzeywtcp.jpg,,,,,,,,,,,,,,,,,,,,,
,,,,,w/wine_cellar/bottle_storage/sun_arvzycjilcdbvhdm.jpg,,,,,,,,,,,,,,,,,,,,,
,,,,,w/wine_cellar/bottle_storage/sun_atjyerwualtmzemb.jpg,,,,,,,,,,,,,,,,,,,,,
,,,,,w/wine_cellar/bottle_storage/sun_auyeaxiimzhxcmlj.jpg,,,,,,,,,,,,,,,,,,,,,
,,,,,w/wine_cellar/bottle_storage/sun_avmamjaohjcvoouq.jpg,,,,,,,,,,,,,,,,,,,,,
,,,,,w/wine_cellar/bottle_storage/sun_avudonurktdtxkek.jpg,,,,,,,,,,,,,,,,,,,,,
,,,,,w/wine_cellar/bottle_storage/sun_awfmmpuhfcunenwj.jpg,,,,,,,,,,,,,,,,,,,,,
,,,,,w/wine_cellar/bottle_storage/sun_awuxxrtuayzannlr.jpg,,,,,,,,,,,,,,,,,,,,,
,,,,,w/wine_cellar/bottle_storage/sun_axqmrpxxzbmtmele.jpg,,,,,,,,,,,,,,,,,,,,,
,,,,,w/wine_cellar/bottle_storage/sun_axsotbsjcvywnvez.jpg,,,,,,,,,,,,,,,,,,,,,
,,,,,w/wine_cellar/bottle_storage/sun_axwpzwlwzvpkjcaf.jpg,,,,,,,,,,,,,,,,,,,,,
,,,,,w/wine_cellar/bottle_storage/sun_ayfgwfiwvgftvvme.jpg,,,,,,,,,,,,,,,,,,,,,
,,,,,w/wine_cellar/bottle_storage/sun_aynamrqjlvhdjhec.jpg,,,,,,,,,,,,,,,,,,,,,
,,,,,w/wine_cellar/bottle_storage/sun_azcclqsarejgpxjd.jpg,,,,,,,,,,,,,,,,,,,,,
,,,,,w/wine_cellar/bottle_storage/sun_bahidfsgotxezoku.jpg,,,,,,,,,,,,,,,,,,,,,
,,,,,w/wine_cellar/bottle_storage/sun_bczeflnxqgkpuxdm.jpg,,,,,,,,,,,,,,,,,,,,,
,,,,,w/wine_cellar/bottle_storage/sun_bdplxduzbmfrunch.jpg,,,,,,,,,,,,,,,,,,,,,
,,,,,w/wine_cellar/bottle_storage/sun_bfokuobanautoqhs.jpg,,,,,,,,,,,,,,,,,,,,,
,,,,,w/wine_cellar/bottle_storage/sun_bgqenmbeqncceclm.jpg,,,,,,,,,,,,,,,,,,,,,
,,,,,w/wine_cellar/bottle_storage/sun_bjezixqccdtgwjki.jpg,,,,,,,,,,,,,,,,,,,,,
,,,,,w/wine_cellar/bottle_storage/sun_blthtitpliaixgfs.jpg,,,,,,,,,,,,,,,,,,,,,
,,,,,w/wine_cellar/bottle_storage/sun_bmjrnjqdommywtqo.jpg,,,,,,,,,,,,,,,,,,,,,
,,,,,w/wine_cellar/bottle_storage/sun_bmlunrvboqhtbmah.jpg,,,,,,,,,,,,,,,,,,,,,
,,,,,w/wine_cellar/bottle_storage/sun_bnupfqroxdnxqwlp.jpg,,,,,,,,,,,,,,,,,,,,,
,,,,,w/wine_cellar/bottle_storage/sun_bnpiyedeqfgcxcyf.jpg,,,,,,,,,,,,,,,,,,,,,
,,,,,w/wine_cellar/bottle_storage/sun_bnyjsyphphakbpbq.jpg,,,,,,,,,,,,,,,,,,,,,
,,,,,w/wine_cellar/bottle_storage/sun_bogbirmfuotbtkbp.jpg,,,,,,,,,,,,,,,,,,,,,
,,,,,w/wine_cellar/bottle_storage/sun_bosogyuagbnmjnoa.jpg,,,,,,,,,,,,,,,,,,,,,
,,,,,w/wine_cellar/bottle_storage/sun_bpjhtwdcpezmnlze.jpg,,,,,,,,,,,,,,,,,,,,,
,,,,,w/wine_cellar/bottle_storage/sun_bqyowpmyqcmiexoi.jpg,,,,,,,,,,,,,,,,,,,,,
,,,,,w/wine_cellar/bottle_storage/sun_brbbefrybfbamhsb.jpg,,,,,,,,,,,,,,,,,,,,,
,,,,,w/wine_cellar/bottle_storage/sun_brjvymqjnojshglc.jpg,,,,,,,,,,,,,,,,,,,,,
,,,,,w/wine_cellar/bottle_storage/sun_brqvhdmrdsuzujey.jpg,,,,,,,,,,,,,,,,,,,,,
,,,,,w/wine_cellar/bottle_storage/sun_bsdvbgcvwzqvpymh.jpg,,,,,,,,,,,,,,,,,,,,,
,,,,,w/wine_cellar/bottle_storage/sun_bsffviolgrqrxxwp.jpg,,,,,,,,,,,,,,,,,,,,,
,,,,,w/wine_cellar/bottle_storage/sun_bsxktxlteqqenfrp.jpg,,,,,,,,,,,,,,,,,,,,,
,,,,,w/wine_cellar/bottle_storage/sun_btixlppeihtaiopf.jpg,,,,,,,,,,,,,,,,,,,,,
,,,,,w/wine_cellar/bottle_storage/sun_buxrudfvqjgspprg.jpg,,,,,,,,,,,,,,,,,,,,,
,,,,,w/wine_cellar/bottle_storage/sun_bviwwlwxfydgzfkx.jpg,,,,,,,,,,,,,,,,,,,,,
,,,,,w/wine_cellar/bottle_storage/sun_bvviylrqftzeaswg.jpg,,,,,,,,,,,,,,,,,,,,,
,,,,,w/wine_cellar/bottle_storage/sun_bwkjbqaxsptqitxs.jpg,,,,,,,,,,,,,,,,,,,,,
,,,,,w/wine_cellar/bottle_storage/sun_bxobphrpxuiarbjc.jpg,,,,,,,,,,,,,,,,,,,,,
,,,,,w/wine_cellar/bottle_storage/sun_bxpbnehiiejcxwtj.jpg,,,,,,,,,,,,,,,,,,,,,
,,,,,w/wine_cellar/bottle_storage/sun_bxrhiuepgrroexpy.jpg,,,,,,,,,,,,,,,,,,,,,
,,,,,w/wine_cellar/bottle_storage/sun_bzijxjwstmjsxckt.jpg,,,,,,,,,,,,,,,,,,,,,
,,,,,s/shopping_mall/indoor/sun_avgyxkwrwkjpfhrs.jpg,,,,,,,,,,,,,,,,,,,,,
,,,,,s/shopping_mall/indoor/sun_avhsscjveiskxgfk.jpg,,,,,,,,,,,,,,,,,,,,,
,,,,,s/shopping_mall/indoor/sun_avpkuksdkckyjjld.jpg,,,,,,,,,,,,,,,,,,,,,
,,,,,s/shopping_mall/indoor/sun_axjpcajibdnekmhy.jpg,,,,,,,,,,,,,,,,,,,,,
,,,,,s/shopping_mall/indoor/sun_axkmzmcftkautzfa.jpg,,,,,,,,,,,,,,,,,,,,,
,,,,,s/shopping_mall/indoor/sun_azhmuxracrzqztmf.jpg,,,,,,,,,,,,,,,,,,,,,
,,,,,s/shopping_mall/indoor/sun_bcictwjtsespmljt.jpg,,,,,,,,,,,,,,,,,,,,,
,,,,,s/shopping_mall/indoor/sun_bemasrclikzoenrw.jpg,,,,,,,,,,,,,,,,,,,,,
,,,,,s/shopping_mall/indoor/sun_bfuoybpsjrawiapb.jpg,,,,,,,,,,,,,,,,,,,,,
,,,,,s/shopping_mall/indoor/sun_bohhrpfjsodbdvsl.jpg,,,,,,,,,,,,,,,,,,,,,
,,,,,s/shopping_mall/indoor/sun_bpdkljwedgzkmixe.jpg,,,,,,,,,,,,,,,,,,,,,
,,,,,s/shopping_mall/indoor/sun_bqrjgbbxcjqywmvx.jpg,,,,,,,,,,,,,,,,,,,,,
,,,,,s/shopping_mall/indoor/sun_buhggxptcgtpdtjm.jpg,,,,,,,,,,,,,,,,,,,,,
,,,,,s/shopping_mall/indoor/sun_bxirqukkawruauqz.jpg,,,,,,,,,,,,,,,,,,,,,
,,,,,s/shopping_mall/indoor/sun_bxwncteckpaondol.jpg,,,,,,,,,,,,,,,,,,,,,
,,,,,s/staircase/sun_bejurembgvsjkahz.jpg,,,,,,,,,,,,,,,,,,,,,
,,,,,s/staircase/sun_bgkyuujpyldusfdo.jpg,,,,,,,,,,,,,,,,,,,,,
,,,,,s/staircase/sun_bgnjwqtqxipucvkz.jpg,,,,,,,,,,,,,,,,,,,,,
,,,,,s/staircase/sun_bgnyoddujxijtbsa.jpg,,,,,,,,,,,,,,,,,,,,,
,,,,,s/staircase/sun_bgqnbadnoosjkmyc.jpg,,,,,,,,,,,,,,,,,,,,,
,,,,,s/staircase/sun_bgyaucomkxrjbdhn.jpg,,,,,,,,,,,,,,,,,,,,,
,,,,,s/staircase/sun_bhzqpgzsuzihssra.jpg,,,,,,,,,,,,,,,,,,,,,
,,,,,s/staircase/sun_bjjlejziwzodzfjo.jpg,,,,,,,,,,,,,,,,,,,,,
,,,,,s/staircase/sun_bjosqizpcwiyndos.jpg,,,,,,,,,,,,,,,,,,,,,
,,,,,s/staircase/sun_bjtuiwuccvtzdtjx.jpg,,,,,,,,,,,,,,,,,,,,,
,,,,,s/staircase/sun_bjvtefronkamwvma.jpg,,,,,,,,,,,,,,,,,,,,,
,,,,,s/staircase/sun_bjzhplgyuzbctwnk.jpg,,,,,,,,,,,,,,,,,,,,,
,,,,,s/staircase/sun_bkmpuxtqjncssoef.jpg,,,,,,,,,,,,,,,,,,,,,
,,,,,s/staircase/sun_bkwqonmlfzbfphgp.jpg,,,,,,,,,,,,,,,,,,,,,
,,,,,s/staircase/sun_bljslhbcehzfqwcf.jpg,,,,,,,,,,,,,,,,,,,,,
,,,,,s/staircase/sun_bmqicbwewjrfuezg.jpg,,,,,,,,,,,,,,,,,,,,,
,,,,,s/staircase/sun_bovsbqvqofirphoa.jpg,,,,,,,,,,,,,,,,,,,,,
,,,,,s/staircase/sun_bpaoxsmdurrebtzk.jpg,,,,,,,,,,,,,,,,,,,,,
,,,,,s/staircase/sun_bpgkigksymskvjuu.jpg,,,,,,,,,,,,,,,,,,,,,
,,,,,s/staircase/sun_bpidzulpyusyymfk.jpg,,,,,,,,,,,,,,,,,,,,,
,,,,,s/staircase/sun_bplhftagvxebrsoc.jpg,,,,,,,,,,,,,,,,,,,,,
,,,,,s/staircase/sun_bpyzslzodkjsoass.jpg,,,,,,,,,,,,,,,,,,,,,
,,,,,s/staircase/sun_bqpbjunwrpgpjonk.jpg,,,,,,,,,,,,,,,,,,,,,
,,,,,s/staircase/sun_bruigsdszusgsffm.jpg,,,,,,,,,,,,,,,,,,,,,
,,,,,s/staircase/sun_btimgtszpkqohzza.jpg,,,,,,,,,,,,,,,,,,,,,
,,,,,s/staircase/sun_bvjugnnhbvzafvnx.jpg,,,,,,,,,,,,,,,,,,,,,
,,,,,s/staircase/sun_bwfqhnvhcwfxqeab.jpg,,,,,,,,,,,,,,,,,,,,,
,,,,,s/staircase/sun_bwvyrlzmstfktmxx.jpg,,,,,,,,,,,,,,,,,,,,,
,,,,,s/staircase/sun_bwxrswswfuxrylpf.jpg,,,,,,,,,,,,,,,,,,,,,
,,,,,s/staircase/sun_bxnuzwkyrkiffiex.jpg,,,,,,,,,,,,,,,,,,,,,
,,,,,s/sushi_bar/sun_dabtzqnessjpewlc.jpg,,,,,,,,,,,,,,,,,,,,,
,,,,,s/sushi_bar/sun_dbpwhuqqovhxyufz.jpg,,,,,,,,,,,,,,,,,,,,,
,,,,,s/sushi_bar/sun_dbzhlcusjpdchdjn.jpg,,,,,,,,,,,,,,,,,,,,,
,,,,,s/sushi_bar/sun_dbztqantjkgwdqvw.jpg,,,,,,,,,,,,,,,,,,,,,
,,,,,s/sushi_bar/sun_dcgxmokdgeayhqzc.jpg,,,,,,,,,,,,,,,,,,,,,
,,,,,s/sushi_bar/sun_dedbtxnpksdewort.jpg,,,,,,,,,,,,,,,,,,,,,
,,,,,s/sushi_bar/sun_dezlzlcqyezcalny.jpg,,,,,,,,,,,,,,,,,,,,,
,,,,,s/sushi_bar/sun_dfajsjqrrrenjdbc.jpg,,,,,,,,,,,,,,,,,,,,,
,,,,,s/sushi_bar/sun_dfzflofrgniqdqrf.jpg,,,,,,,,,,,,,,,,,,,,,
,,,,,s/sushi_bar/sun_dgccylmulbphevrd.jpg,,,,,,,,,,,,,,,,,,,,,
,,,,,s/sushi_bar/sun_dgpjrvrtwttzwnob.jpg,,,,,,,,,,,,,,,,,,,,,
,,,,,s/sushi_bar/sun_dhbebvtgjhtpxvgo.jpg,,,,,,,,,,,,,,,,,,,,,
,,,,,s/sushi_bar/sun_dhjvrponfjuryybu.jpg,,,,,,,,,,,,,,,,,,,,,
,,,,,s/sushi_bar/sun_diantdjugdfoevbw.jpg,,,,,,,,,,,,,,,,,,,,,
,,,,,s/sushi_bar/sun_djdtfbzuclrtxsrb.jpg,,,,,,,,,,,,,,,,,,,,,
,,,,,s/sushi_bar/sun_dkcaxuvgrleqozsh.jpg,,,,,,,,,,,,,,,,,,,,,
,,,,,s/sushi_bar/sun_dkguamorppdkeswq.jpg,,,,,,,,,,,,,,,,,,,,,
,,,,,s/sushi_bar/sun_dkmehusxlndsnxdr.jpg,,,,,,,,,,,,,,,,,,,,,
,,,,,s/sushi_bar/sun_dndcbjjoxgkshnbr.jpg,,,,,,,,,,,,,,,,,,,,,
,,,,,s/sushi_bar/sun_dnhymghqnylknaot.jpg,,,,,,,,,,,,,,,,,,,,,
,,,,,s/sushi_bar/sun_dnkdeisqavqnkyfe.jpg,,,,,,,,,,,,,,,,,,,,,
,,,,,s/sushi_bar/sun_dogovmelwzbhegrh.jpg,,,,,,,,,,,,,,,,,,,,,
,,,,,s/sushi_bar/sun_doulwcuwnbybeepr.jpg,,,,,,,,,,,,,,,,,,,,,
,,,,,s/sushi_bar/sun_dpehgdxowlcumjxt.jpg,,,,,,,,,,,,,,,,,,,,,
,,,,,s/sushi_bar/sun_dpeihnqckitwfcfi.jpg,,,,,,,,,,,,,,,,,,,,,
,,,,,s/sushi_bar/sun_dqbailytupmcxfdk.jpg,,,,,,,,,,,,,,,,,,,,,
,,,,,s/sushi_bar/sun_dqhzyjabapqpfzcw.jpg,,,,,,,,,,,,,,,,,,,,,
,,,,,s/sushi_bar/sun_dquoooumccbnbscs.jpg,,,,,,,,,,,,,,,,,,,,,
,,,,,s/sushi_bar/sun_dqxpatolrdusxndu.jpg,,,,,,,,,,,,,,,,,,,,,
,,,,,s/sushi_bar/sun_drgfoelxijllbxqz.jpg,,,,,,,,,,,,,,,,,,,,,
,,,,,s/sushi_bar/sun_drxqakpfemapkotu.jpg,,,,,,,,,,,,,,,,,,,,,
,,,,,s/sushi_bar/sun_dsmpdnysfakldetw.jpg,,,,,,,,,,,,,,,,,,,,,
,,,,,s/sushi_bar/sun_dspyutyhkxgphnqz.jpg,,,,,,,,,,,,,,,,,,,,,
,,,,,s/sushi_bar/sun_dszcluursqttcptc.jpg,,,,,,,,,,,,,,,,,,,,,
,,,,,s/sushi_bar/sun_dtmmsszoqslcpxqx.jpg,,,,,,,,,,,,,,,,,,,,,
,,,,,s/sushi_bar/sun_duwpxdseeacdkfod.jpg,,,,,,,,,,,,,,,,,,,,,
,,,,,s/sushi_bar/sun_duybmdiewesgcgyh.jpg,,,,,,,,,,,,,,,,,,,,,
,,,,,s/sushi_bar/sun_dvinybetkvtwpsnd.jpg,,,,,,,,,,,,,,,,,,,,,
,,,,,s/sushi_bar/sun_dweqocileejnmone.jpg,,,,,,,,,,,,,,,,,,,,,
,,,,,s/sushi_bar/sun_dwjwtumoxgrbrgev.jpg,,,,,,,,,,,,,,,,,,,,,
,,,,,s/sushi_bar/sun_dwmzsindsvdilbfs.jpg,,,,,,,,,,,,,,,,,,,,,
,,,,,s/sushi_bar/sun_dxkhjwgvaoynubvm.jpg,,,,,,,,,,,,,,,,,,,,,
,,,,,s/sushi_bar/sun_dxokrjeqbvqknjak.jpg,,,,,,,,,,,,,,,,,,,,,
,,,,,s/sushi_bar/sun_dxszhpaeqoqzbvtq.jpg,,,,,,,,,,,,,,,,,,,,,
,,,,,s/sushi_bar/sun_dyjngcwmjvckzejo.jpg,,,,,,,,,,,,,,,,,,,,,
,,,,,s/sushi_bar/sun_dzxhljfykkjdensa.jpg,,,,,,,,,,,,,,,,,,,,,
,,,,,s/shoe_shop/sun_aejhcuoxtbveimrz.jpg,,,,,,,,,,,,,,,,,,,,,
,,,,,s/shoe_shop/sun_ahyoemqpoceaawxw.jpg,,,,,,,,,,,,,,,,,,,,,
,,,,,s/shoe_shop/sun_anhkshengtxviyma.jpg,,,,,,,,,,,,,,,,,,,,,
,,,,,s/shoe_shop/sun_ayfxupxvzafxpdtx.jpg,,,,,,,,,,,,,,,,,,,,,
,,,,,s/shoe_shop/sun_botmgezxxjvdutzy.jpg,,,,,,,,,,,,,,,,,,,,,
,,,,,w/waiting_room/sun_aonsycuooznhyudq.jpg,,,,,,,,,,,,,,,,,,,,,
,,,,,y/youth_hostel/sun_agmebostdzturvie.jpg,,,,,,,,,,,,,,,,,,,,,
,,,,,s/supermarket/sun_awlzyluyelgzkpkc.jpg,,,,,,,,,,,,,,,,,,,,,
,,,,,t/toyshop/sun_aljxfzjcabdhtoqc.jpg,,,,,,,,,,,,,,,,,,,,,
,,,,,w/waiting_room/sun_bfcodejtrwimbcak.jpg,,,,,,,,,,,,,,,,,,,,,
,,,,,w/wine_cellar/bottle_storage/sun_bkyuehyynfuutglc.jpg,,,,,,,,,,,,,,,,,,,,,
,,,,,s/staircase/sun_bkvhogjdzmrccylr.jpg,,,,,,,,,,,,,,,,,,,,,
